{"cameraMode":{"drawMode":0,"name":"Shaded","section":"Shading Mode"},"sceneLighting":true,"audioPlay":false,"sceneViewState":{"m_AlwaysRefresh":false,"showFog":true,"showSkybox":true,"showFlares":true,"showImageEffects":true,"showParticleSystems":true,"showVisualEffectGraphs":true,"m_FxEnabled":false},"in2DMode":false,"pivot":{"x":0.9005728960037231,"y":0.3476860523223877,"z":-0.685655415058136},"rotation":{"x":0.3005872070789337,"y":-0.022887039929628373,"z":0.007215956691652536,"w":0.953456461429596},"size":1.3114879131317139,"orthographic":false}